time,barometer,temperature,accelerometer,gyroscope
0.0,100959.2252326981,14.737814312127238,-0.53284259557597,0.006510928105656321
0.1,101485.46180271044,14.83310863416584,-0.06377700190547726,0.010560720867308047
0.2,101261.80108813367,14.699626953064504,-0.1445376965300764,0.011314799637084379
0.30000000000000004,101274.11454145236,15.2162848331104,0.2617478284224422,0.003193745965503099
0.4,100910.22923491553,14.593934493037468,0.22745329703414108,0.0023658025368230463
0.5,101112.51366351782,15.24063573826511,-0.07112609374902272,-0.0038854284761148513
0.6000000000000001,101048.12539973602,14.89610502174579,-0.2765938007734127,0.003593362911157482
0.7000000000000001,100933.33048007851,15.355217560157714,-0.0020733858751366633,-0.0031895301145230632
0.8,100834.13326213081,15.48442558686101,-0.38869289689273856,0.00829947929891864
0.9,100665.78840269802,13.978688427172262,-0.13142145373013536,-0.01044590548929629
1.0,100841.20873521834,15.209774670936978,-0.0934150559491571,-0.004801143571369827
1.1,100685.86257707982,15.069314123470262,-0.09231765129093929,-0.014705371081051235
1.2000000000000002,100730.38977851768,14.803771212464083,-0.0034980187917632763,-0.007615645464490948
1.3,100719.18572519417,15.575842621615834,-0.6135318584955344,0.0005016754705771918
1.4000000000000001,100574.07739789471,14.971052701031955,-0.20615361030815993,0.01215064870025612
1.5,100494.76598968286,14.862374108023108,-0.08768734474319516,0.0009071684161262757
1.6,100521.17246587625,15.090471986830401,-0.17297749758918207,0.01095603548334649
1.7000000000000002,100164.32544607643,13.878172423201658,-0.00551725906905115,-0.007606008802298924
1.8,100018.4989124744,14.368286320409739,0.10492538205716685,0.018106010051243206
1.9000000000000001,99628.59490490185,13.861815436908222,-0.1038624111763919,0.0014294945222828887
2.0,100101.83414657786,15.148114270664946,-0.25542088812513764,0.0203713627524632
2.1,100280.15653443108,13.81312614970059,-0.5410993046820293,-0.004441394881540606
2.2,99824.9455792208,14.509702958664171,-0.04663377668962971,0.009219052109136082
2.3000000000000003,100143.97685825282,14.45455965547638,-0.4472097873179324,-0.005862395831489684
2.4000000000000004,99961.20988065994,14.718324895642327,-0.4877416830491578,-0.005851047863876769
2.5,99944.68953478316,14.892575589846745,-0.35324843709710135,-0.014760638200446685
2.6,99784.87106554241,13.583918563004756,-0.922878579395576,0.0028818706941150163
2.7,99747.4513491433,14.308417281808856,-0.2688079083237379,0.017005545650817265
2.8000000000000003,99616.0620464235,14.156531399561288,-0.5486656237539408,0.021689038434846257
2.9000000000000004,99946.3525829547,13.60881485691613,-0.15087694759264259,0.008760320027083296
3.0,99784.28155765511,14.189421093652934,-0.3243457284437909,0.03055401414380093
3.1,99593.29345470386,13.859156530119817,0.04834930807317791,0.007065227197485192
3.2,99491.6342237072,13.839018982081384,-0.4333694311818414,-0.009368212639740026
3.3000000000000003,99406.67702086257,14.028051174240007,-0.7449512904125205,0.018373496171604258
3.4000000000000004,99511.31391425463,14.460770299177447,-0.1756530756711816,-0.0008165579354882588
3.5,99001.38903263758,13.141602480141815,-1.0863507590616996,0.003381003629729089
3.6,99293.72634278695,14.380435591897733,-0.6951572227779331,0.00158919277312824
3.7,98723.27843394394,14.019745234077183,-0.921128844655184,0.027136652595583143
3.8000000000000003,98682.46183244644,13.9540773950738,-1.1691549824226082,0.0014590162499129467
3.9000000000000004,98651.7289875926,12.991279994881832,-0.16471155527181344,0.006803425896594226
4.0,98372.35203018572,13.502345070926863,-0.557341316083163,0.00983032591218705
4.1000000000000005,98926.40585001803,14.239283297675629,-0.97119981331021,0.004121439675932653
4.2,98818.57308196434,13.827328083234674,-0.569478938583194,0.01735685485517495
4.3,98555.09280873899,14.712269554890389,-0.3548525394731931,0.021910928467535347
4.4,98448.8022729719,12.815177244205392,-0.3164215573581979,0.009898072400821484
4.5,98842.67750808626,13.233129539736893,-1.1041291630449481,0.03587712623766956
4.6000000000000005,98817.3998491299,13.470829565730865,-0.5736360293079089,0.018246059629118915
4.7,98330.49667842076,13.481400512046092,-0.5320026009303288,-0.004924771519390133
4.800000000000001,98330.01067870505,13.302533161707355,-0.7244436542675992,0.014038673476060342
4.9,98549.23108690075,13.353073295456216,-0.415531656177427,0.02164504406293223
5.0,98041.6391297606,12.774318534435054,-0.686520027470824,0.030544501734230484
5.1000000000000005,98242.89282788568,13.159760360286407,-0.6527788990846911,0.0174381717820063
5.2,98042.4726229329,13.433729859024663,-0.5369827045635267,0.004943823222431913
5.300000000000001,98386.56801989951,13.33719437114862,-0.5950588602401048,0.029667938141661278
5.4,97875.55092949122,13.303714192676972,-0.534234027337023,0.0065287013027925285
5.5,97978.70737848576,13.129267186893877,-0.8983852721047086,0.01589276931040828
5.6000000000000005,97800.51424954258,12.683884001737333,-0.44211670067025877,0.026899689799066356
5.7,97909.0591906368,13.612283016406321,-0.5131552149453766,0.009581321608888355
5.800000000000001,98037.0445622326,13.038252612512737,-0.4299675316600531,0.028475072278300977
5.9,97702.8403525729,12.888527404970215,-1.2285113744591887,0.026541069769739807
6.0,97424.77824503709,12.587488571996905,-1.1729598152616425,0.0178189434723921
6.1000000000000005,97450.54967062273,13.681786026419115,-0.8511844778482185,0.023356112101731354
6.2,97697.6943238914,12.167304130907931,-1.254816250770372,0.0280250996867241
6.300000000000001,97108.307103029,12.853120273238371,-0.7884588295097724,0.013514382935203382
6.4,97466.23406641046,12.95715076036576,-0.6723681518201148,0.02008856492715992
6.5,97372.63911234819,13.438886719566222,-1.2320183148874333,0.013544768476271684
6.6000000000000005,97348.274864338,12.687662402930455,-0.911943443361267,0.016278862072008057
6.7,97599.61667382746,12.995909654041835,-0.7100546588264977,0.02806815393993577
6.800000000000001,97517.85454052374,12.666414950493946,-1.4096874015744154,0.02345648361195178
6.9,97294.12948886814,12.654158149245502,-0.923714714524433,0.01986995134402963
7.0,97220.36612550479,11.812162131939843,-1.4367406990262148,0.0012320323068292227
7.1000000000000005,97033.21394765512,12.748290101633033,-0.5501514139003119,0.008509271154294677
7.2,96963.03829412407,12.64026585868214,-1.0101784559712539,0.02625918273597299
7.300000000000001,96929.63317469165,11.477457106795903,-1.3086857309699744,0.02442607513807795
7.4,96792.74563732448,13.601558063287483,-1.2613019349943972,0.042115208759884
7.5,96494.65981283516,12.34111691558712,-0.9694228812377903,0.04108678893436587
7.6000000000000005,96877.93437651324,12.548995648303709,-0.9832587483411498,0.015932662330573805
7.7,96772.22442331703,11.834151886085108,-1.2707535912308616,0.018258687775159984
7.800000000000001,96831.19582087363,11.62842482696567,-1.419863131097021,0.01529176389567731
7.9,96761.13001206228,12.345560952742037,-1.160877632568288,0.01786709084823536
8.0,96695.92862903135,12.403635733177483,-1.2260881898159999,0.04759395054424555
8.1,96456.87047843376,12.408423588483696,-1.8879362398022157,0.027730959823943288
8.200000000000001,96312.52008223218,11.546288326136859,-1.2629138580630097,0.044408335181941705
8.3,96323.82798270689,13.20237111640165,-1.2540137135354463,0.034100878736887344
8.4,96345.54474870092,11.882275846767762,-1.8012410336908908,0.030839049526896933
8.5,95913.89263651764,12.18130914471189,-1.3047888664049987,0.012516906368824243
8.6,96373.29278177996,12.770479293976873,-1.3204956529406702,0.022168570382967795
8.700000000000001,95928.04820450526,12.240463858326807,-1.287158946606668,0.02641649799778608
8.8,96245.02273610355,12.182559667944727,-1.0557712502044347,0.036539607565309974
8.9,96003.18396720944,11.337314937741317,-1.308217813772556,0.030422713732474623
9.0,96434.16099394392,12.268169166177618,-1.1953360669043995,0.031810240542486615
9.1,96004.85766026762,12.350688790622634,-1.497827828134869,0.039134176759744885
9.200000000000001,95541.26179335166,12.314643663946883,-1.2772301224222558,0.02470008107435689
9.3,95389.69469378446,12.447725448231008,-1.4586951135678896,0.03572224767673087
9.4,95779.00743806873,12.53399055203246,-0.9358060341668907,0.04436947189603997
9.5,95930.65435181883,12.376098861057697,-1.091362439928418,0.04477577011447192
9.600000000000001,95747.03963990108,11.253081280942453,-1.5494835022052877,0.05670166871053106
9.700000000000001,95984.24004929455,11.925987845339254,-1.4804586901721304,0.017863104253204982
9.8,95373.60698025307,11.659329654462509,-0.8392715088324157,0.026932099351483604
9.9,95323.62330960817,11.428416968411172,-1.4494809690791564,0.025570224740766416
10.0,95212.94797488632,11.697164530931913,-1.461847381102249,0.02924854584632399
10.100000000000001,95700.30097203967,12.16166154034321,-0.8230806035563877,0.02800888381549527
10.200000000000001,95130.20473963818,11.849807971740027,-1.869029772022315,0.032962718616510005
10.3,95500.88761053304,11.732278228075398,-0.611044417549447,0.04346121977792917
10.4,95355.86021678236,11.496172408640932,-1.807752223483579,0.040564275983896225
10.5,94845.79173788395,11.224610641067082,-1.5451586769477288,0.05329273240195222
10.600000000000001,95610.98846664229,11.780674280487068,-1.3223567681262263,0.041838757628541466
10.700000000000001,95367.50809866872,11.624565223731297,-1.208463878490656,0.03248103154787261
10.8,95050.78351535705,13.129919072613434,-1.6399395215214918,0.02987336397008178
10.9,95050.43561347999,11.242494514002214,-1.8205413549280316,0.02115189562480224
11.0,94871.16677648656,12.16902160600557,-1.2862676014483692,0.04268834896908171
11.100000000000001,94833.62418348616,10.974637605489844,-1.603129588431164,0.037803025683273775
11.200000000000001,94997.64659677843,11.793583353283605,-1.9009409635511334,0.036850440444951726
11.3,94523.19243623657,10.970770425291514,-1.8588582183094444,0.045628937945198525
11.4,94685.8107128297,11.468565121895036,-1.0455438163887545,0.05488983479162442
11.5,94691.26198363387,12.105497149448826,-1.488754689654291,0.049780847271996755
11.600000000000001,94779.45859298635,11.873328951750999,-0.8701708090065283,0.028604921356837017
11.700000000000001,94329.56257069668,10.601092046974966,-1.766568421922896,0.04096416691950795
11.8,94729.8850578808,11.267948908480767,-1.8511678393835884,0.04518824905751376
11.9,94431.27732920411,11.730390257166802,-1.4001823277358705,0.0352363104153591
12.0,94592.65900894393,10.48802381005356,-1.5001069555257966,0.04848125277099074
12.100000000000001,94896.66439378518,10.251141638038588,-1.8655385677287204,0.026814211363161665
12.200000000000001,94263.60764936199,10.716486716976878,-1.6929655273248752,0.04751463179249006
12.3,94190.7308375564,11.492147868759748,-1.7560066237617635,0.038005284091033126
12.4,94532.45870976399,11.028161576955894,-1.6225416234579195,0.04294339055875933
12.5,94222.1883171424,10.853323026766986,-1.6431752161442723,0.054565876013126485
12.600000000000001,94009.00817645704,10.790616491735122,-1.7924352179166188,0.054058421314535185
12.700000000000001,94092.87493833201,11.116569005865776,-1.9611966735226023,0.04995106472051733
12.8,93756.05250237451,10.614721681351845,-1.8239969013869122,0.04069559562161015
12.9,94099.51398871934,10.951934583287041,-1.4970246275209802,0.03974280924611542
13.0,94000.59377835672,12.018157349912043,-1.8321143041384798,0.03056681030051546
13.100000000000001,93953.89683871622,11.06030964974142,-1.477983392603419,0.05099752355995556
13.200000000000001,93791.40810069113,11.173910819854079,-1.3248853434625112,0.04985560204076082
13.3,93569.19209232142,10.65405175342539,-2.2883804065486624,0.04810420992248942
13.4,93705.83904883597,11.15796775636175,-1.597209826779613,0.024255579595030986
13.5,93789.02435620344,10.449429741408453,-1.8275662774402979,0.04264156995667817
13.600000000000001,93373.55758039429,11.140925156135213,-1.961836724085787,0.04882599348922164
13.700000000000001,93831.76990279922,11.258136907690035,-1.8984541159074686,0.04917380613065614
13.8,93781.05209521926,9.906396930607803,-2.1241288550739776,0.03782307441022058
13.9,93553.83331111564,10.751399315456126,-1.5973298925727046,0.04043156704388469
14.0,93469.0224986804,9.916607156043659,-1.9930390687248418,0.06945903278057397
14.100000000000001,93520.90034705376,10.417684789686888,-1.4326301414732565,0.058092413132548655
14.200000000000001,93203.39859375404,10.955040242655263,-2.502818068935258,0.039419197930581136
14.3,93676.26048634767,10.569258545178462,-2.423885969709603,0.03452293479697088
14.4,93701.97698123616,10.698018856113809,-1.9191966554998776,0.04985642042563837
14.5,93391.67191986548,10.039513474900293,-1.9013865690495348,0.05195302330788008
14.600000000000001,93123.29506617346,11.24216381185171,-1.9128956395049566,0.04347310636633732
14.700000000000001,93176.12890743568,10.785734297000271,-1.8156261669232059,0.046056275963692876
14.8,93391.92801303709,10.350628949184731,-2.132102289117092,0.06533750723357032
14.9,93197.92053290097,9.973652023581739,-2.257152596873834,0.05427820913824784
15.0,92932.41440265246,10.024674196766131,-2.166990991419012,0.06134791656263959
15.100000000000001,92974.9369548797,10.15254966603587,-1.5917604778450334,0.04453433953068087
15.200000000000001,92889.02132247786,10.24928832227321,-2.085410112077127,0.06365088547472596
15.3,92553.0461334625,9.68449676410122,-2.240048166488052,0.05783500985751927
15.4,92673.40056879829,9.959051957062435,-1.9152389566795716,0.07091773387277978
15.5,92921.91774098076,10.259032560077003,-2.083816981163379,0.060313779413566304
15.600000000000001,92731.35131023385,10.393266189739649,-2.3246186842143732,0.0565798994109688
15.700000000000001,93266.39547833467,9.718979594350508,-2.3696564245749276,0.05300584968888107
15.8,92990.45004304983,9.37617811293019,-2.1310722092103664,0.05422262086965801
15.9,92963.65888171272,10.551321504301033,-1.7713555626029283,0.045358870711138206
16.0,92841.03978581955,9.927945282834454,-1.5273866191932486,0.031486591651622854
16.1,92890.9596118881,10.828301836135504,-2.087412046524967,0.06024383222804652
16.2,92581.69181618544,10.520121590777336,-2.0654749862232493,0.057980560838496925
16.3,92441.23654711783,10.423762111266093,-2.114670804069477,0.04799305968538426
16.400000000000002,92821.22257708124,10.866922358241784,-1.9001281329055904,0.08463047721794169
16.5,92658.21349066455,8.621539424170422,-2.0275755650060074,0.045230880660614516
16.6,92465.72014773637,9.788137530391078,-1.9955661401912923,0.0725412119022191
16.7,92271.03351375261,9.375411508301765,-2.1802205719451413,0.05114398097738114
16.8,92530.88916720149,10.514210313618756,-1.8193189335717412,0.06631635680035484
16.900000000000002,92422.4465450955,9.344713967327026,-2.6060496535929514,0.048009627122555194
17.0,92618.63972048298,9.499141056243266,-2.0779345511341067,0.047014913860127135
17.1,92106.43678727526,10.238689667723376,-1.4274996930497403,0.06326421743996825
17.2,92546.98713328733,10.22248677069434,-2.320282719196411,0.05789045436518827
17.3,92168.79303704012,9.971191672817836,-1.8684151298464893,0.04918736241111072
17.400000000000002,92533.79159587565,10.547097751708263,-2.1326337457887274,0.053523592810170766
17.5,92019.5777627756,9.167040517621349,-2.1229965867884277,0.05188656461190049
17.6,92462.51719382805,9.357377876858733,-2.0771014269246186,0.0735857785007606
17.7,92358.6763596431,10.894668886955515,-2.7858971285069116,0.07080500144575591
17.8,92076.20195817538,10.121500890341592,-2.236882058090623,0.07351386308469864
17.900000000000002,92413.30985413604,10.189874288527914,-2.3715019904975483,0.07113783682913306
18.0,91783.50327154368,9.56566575275293,-1.6085263456285248,0.07592362114215674
18.1,91911.64583334152,9.631257993098696,-2.8531554568424924,0.07080367207259072
18.2,91802.93174759006,9.193160833857199,-1.5820405024727684,0.060706935562950995
18.3,91857.99792560174,9.48227508426274,-2.496221991373169,0.06541551533478558
18.400000000000002,91919.82087895411,8.804402958665127,-1.8383476158786822,0.06126626954586378
18.5,91913.54811581473,9.795469089058388,-2.398121046677982,0.06209686089120995
18.6,91536.30014007479,9.063230576537478,-2.3323299097801438,0.05743660401986678
18.7,91822.4601931437,9.523459675174278,-2.6876679461067288,0.07500845473625406
18.8,91800.59304601343,8.909144500102562,-2.6373950597466735,0.0778713122816467
18.900000000000002,91832.43834569222,9.640780323664117,-2.1483455709229173,0.06540423835785208
19.0,91757.87984241023,9.203486717145674,-2.6110631484234976,0.06192646609932723
19.1,91289.97536554796,8.981765492599324,-2.3490495644813914,0.06815007147142065
19.200000000000003,91456.38430409455,9.834849689432296,-3.1697888881402605,0.06542888804082321
19.3,91526.03044282233,10.335679959012321,-2.3341395117557613,0.06047180444330647
19.400000000000002,91511.65069153404,9.883279684332498,-2.9018591371366798,0.06414794477483163
19.5,91722.0148624704,9.561963115215573,-2.454101295179545,0.07252784316799432
19.6,91177.83781895181,9.001847433226764,-1.9114162858077826,0.06989301559789418
19.700000000000003,91511.95255054237,9.359065552973627,-2.8001329742195455,0.06440649304611638
19.8,91502.00988817918,9.103394637210657,-2.6253219428181023,0.06195903516952273
19.900000000000002,91458.24152086534,9.078108667508733,-2.554180869052177,0.07743418501734117
20.0,91172.38062261805,10.073299530047226,-2.4847480905694845,0.05759499670730261
20.1,91269.20698022518,9.849093859346953,-2.354992089064062,0.1961043737282323
20.200000000000003,91137.43230560701,9.553648828975005,-2.1983976210642364,-0.22915807912641944
20.3,91592.41437873292,8.856324897812872,-2.498448404764428,-0.12146905068972114
20.400000000000002,91233.52159435839,9.828103416873217,-2.3432607258089195,0.13940578746282944
20.5,91275.29367759911,8.423778379027022,-3.30185314723542,-0.03023832003473237
20.6,91180.76521790426,9.386525731720784,-2.5239444561993967,0.10565743709718595
20.700000000000003,91504.27610683085,9.094354076457298,-2.730048547722671,-0.31684835898132024
20.8,90897.08995722649,11.173798094394211,-2.30369240618523,0.3307360006825459
20.900000000000002,91408.87654858574,8.822522509199102,-2.473954205382471,-0.18251670539748976
21.0,91072.0096913912,9.802382100274343,-2.2565878509463455,0.08765292046775283
21.1,91181.42701465066,8.839794502263969,-2.5704023898245834,0.06733933852411172
21.200000000000003,91241.05719274942,8.975275178805722,-2.537103637153204,0.05262450130311207
21.3,90845.84206422686,8.32650563907532,-2.3945478298418545,0.08483454125565172
21.400000000000002,90987.12813547546,9.247676572844043,-2.378919508859662,0.05769931598250836
21.5,91377.74695306463,9.292504071798572,-2.166104687733551,0.06588884843345806
21.6,90939.58344886111,7.865257551396268,-2.539516838902456,0.08057244139706755
21.700000000000003,91129.0803054804,8.839645477858769,-2.193942208492536,0.08311595851378488
21.8,90996.00162414224,9.636548214580703,-2.3947964994635034,0.06178523321834272
21.900000000000002,90822.37583444886,8.736095098054214,-2.450432505165927,0.09597066721197124
22.0,90644.91920832888,9.615968322499645,-2.6817021236953766,0.0862019162368513
22.1,90897.73503429875,8.426286931779854,-2.437695084608865,0.08517078920144167
22.200000000000003,90730.94432443159,9.195537247821427,-2.469700729427897,0.0914644924127036
22.3,90587.14748038481,8.76492242412936,-2.0863546084193976,0.07732511266279393
22.400000000000002,91119.52602098236,9.173469183610806,-2.7979969991475766,0.0609063859490575
22.5,90822.62076293574,8.742531818103993,-2.177218261618302,0.07416500991035144
22.6,90980.24243452911,9.055545204462135,-2.864500953570728,0.06588456916358751
22.700000000000003,90942.50248886748,8.05537977804305,-2.709343071360777,0.0778061537457014
22.8,90642.99332960781,8.830281577458239,-2.4127261410813663,0.07814049534008088
22.900000000000002,90479.18341364131,8.130299434221294,-2.638768936803493,0.08150816730709876
23.0,91008.32210187269,8.498997972364833,-2.8737163131334866,0.08176223688891515
23.1,90626.41422664419,8.96667104669154,-2.9863342344291564,0.058758899176928725
23.200000000000003,90563.37574821209,9.042542914072968,-2.3498098344670493,0.08199255413683741
23.3,90834.88404497331,8.8862320224792,-2.208499413567134,0.08668359763115195
23.400000000000002,90830.91873563542,10.238050765682923,-2.7276366727276113,0.07996779679239932
23.5,90824.74455605532,8.712149298728923,-2.5554232744174645,0.08272728865608439
23.6,90435.01884010273,9.421348250750498,-2.531318546434341,0.09538956571361612
23.700000000000003,90309.51900406978,9.662012627640976,-2.54159464808671,0.07397767591786279
23.8,90649.3200641278,8.857925258802226,-2.202518351891974,0.0842991695388737
23.900000000000002,90144.68677463259,8.481814531652164,-2.562285158621795,0.07376416881581621
24.0,90346.44051663365,8.628015766714029,-2.154523785833379,0.07934468637222288
24.1,90452.79429246599,9.129475514253398,-2.7340395898356924,0.08396857144751475
24.200000000000003,90516.39474407147,9.863103048936647,-2.457116017098517,0.07029407654950838
24.3,90586.44988682937,8.555754554068434,-3.1472707029578295,0.06620550693528053
24.400000000000002,90206.3433190857,8.120323316162771,-2.5992997023377598,0.09398954293813729
24.5,90462.09234489457,8.91890283237466,-2.8549266833278106,0.10575823920360206
24.6,90528.54253733323,9.334444411874902,-2.779142868315423,0.09316649480844397
24.700000000000003,90181.21314015218,8.512524599250918,-2.4653636926734728,0.06609905965703064
24.8,90322.0036869577,8.798058094450328,-2.8123754974725887,0.10019936359244865
24.900000000000002,90580.73012095845,9.348003143467961,-2.6626350464360087,0.07822322113276288
25.0,90233.85208052877,8.44120059132769,-2.7516826917206063,0.08061390668059705
25.1,90193.34141771434,9.243713065663911,-3.1091840530772252,0.0919581836161287
25.200000000000003,90048.07460746921,8.820295515370589,-2.7475087941598315,0.09356766201324244
25.3,90041.1523471354,8.531279432956302,-3.3780937326649294,0.08345693026164717
25.400000000000002,90465.74550365031,9.549568236893716,-2.285133903816729,0.07993808982705322
25.5,90041.97589491414,8.935993633285289,-2.2968799181401063,0.09820644153989451
25.6,90342.93429089077,8.509549278829429,-2.7388662092968707,0.08969156911753448
25.700000000000003,90090.59565927651,8.744693305785997,-2.829073702977009,0.09541383758976558
25.8,90435.37967654256,9.18511497357163,-3.429960344821007,0.0818085240717765
25.900000000000002,90336.81938053657,8.57036922216256,-2.9798438375531866,0.09348522785331392
26.0,89942.77311477198,8.297154115477923,-2.820836741842114,0.09061435876745187
26.1,89604.31741370718,8.779679237105006,-2.465915170536324,0.08536783378816622
26.200000000000003,89810.96415839775,8.770971317797363,-2.716227231255876,0.09114904587954462
26.3,89992.30241733446,8.603598265600047,-3.0250255024698034,0.0956091353011101
26.400000000000002,90054.34769005189,8.22393622508025,-2.9229201541356242,0.0843418734370516
26.5,89901.88803903748,8.681289931578691,-3.0675177891423795,0.07902417771471397
26.6,90113.56380978912,8.120316757873196,-2.5804339636517475,0.09666982926453543
26.700000000000003,90036.23099733598,8.408175047673922,-2.7420261754155986,0.08844879123261618
26.8,90044.40694861652,9.37985874642419,-2.8187951087056855,0.10200821147541085
26.900000000000002,90041.52393314285,7.749774706715762,-3.300437042471626,0.08646414587893325
27.0,90083.3399190488,7.7424292847464615,-2.7988149619756473,0.0793055343749667
27.1,90195.65097467143,8.193236563215528,-2.4691690020092323,0.10520030683230717
27.200000000000003,89778.22363342163,8.694657702376011,-2.7096190187817184,0.08280967467084747
27.3,89956.67548315572,8.066239842687107,-2.771596779474465,0.09171204052591937
27.400000000000002,89927.47716116584,8.352634726018762,-2.8052754071968105,0.08892019001755251
27.5,90100.96406657767,9.303077935583875,-2.2781704972145453,0.10422331655793439
27.6,89961.20800665673,8.814626588986236,-2.5390188462118717,0.08460014959110992
27.700000000000003,90043.98930966927,9.114202312324508,-3.1218347734362077,0.06973578356397128
27.8,89685.48416400157,8.063939509826175,-3.275169684219892,0.09305358914092142
27.900000000000002,90168.05031475783,8.977136397088062,-2.6737751280750546,0.09861211424553143
28.0,89930.79795642772,8.588935686523211,-2.9431834241407917,0.08208583931332566
28.1,90393.570422293,8.520377676951611,-2.905644908748613,0.09960165899479034
28.200000000000003,90016.65871491542,8.368562436721483,-2.1083968356032985,0.09551783648453065
28.3,90069.09657747135,8.787472110774155,-2.723918520143911,0.09240470285911317
28.400000000000002,89699.19951417626,8.615117842808052,-2.4062892650607672,0.10039182603379783
28.5,89672.98359531352,8.681252891334491,-2.331927656400164,0.10077181978165038
28.6,89691.04091938063,8.920992164998781,-2.5952642297013293,0.09697057358000888
28.700000000000003,89868.13551741563,8.314649561675923,-2.794116527968608,0.097060715146451
28.8,89909.99929788866,7.966448459603508,-2.5854848752197883,0.09392866700335133
28.900000000000002,90072.27975058895,8.424015586860818,-2.511605120603183,0.09465377636433318
29.0,89662.4518561418,8.738803750064772,-3.030433317397237,0.08909013789760858
29.1,90292.82727938193,8.228676759024063,-2.9797880254486793,0.0950881634007907
29.200000000000003,89875.94002547667,8.35161479514378,-2.5126614927146367,0.09096911532923153
29.3,90195.61399696705,7.831473417358969,-2.6188768353462675,0.10133709436216363
29.400000000000002,89980.6461154644,7.85796045602736,-3.1047550524172904,0.09985048526600933
29.5,89473.18339405763,9.143175175040554,-2.6345564722972434,0.11155816426554015
29.6,89778.06620070603,8.431819712411658,-2.5154984203907325,0.08747090612153782
29.700000000000003,89958.24650574262,8.505990498515272,-2.807606255330355,0.10754621191195064
29.8,89824.00570957887,8.88789112715155,-2.7764118009781598,0.07159018022370744
29.900000000000002,89723.56997126811,9.014864770529439,-3.1006636734882913,0.10603365120020328
30.0,89836.1975023138,8.464498711061715,-2.750042607888017,0.09602469422925307
30.1,89741.1558602007,8.456341892365176,-2.8329987694469456,0.12092421319722944
30.200000000000003,89492.59458084132,8.228900247617318,-2.997133681296017,0.09676839480839486
30.3,89733.4494926192,8.275095511078824,-2.9325455731928276,0.08892212810038803
30.400000000000002,89780.9691802447,9.3067553817672,-3.293455544242397,0.09265643516488302
30.5,90005.72745487219,8.044576779269974,-3.0715901679163387,0.09826019651446043
30.6,90000.94910349957,8.624061026177518,-1.9387403160529855,0.10970822834479403
30.700000000000003,90121.13128398902,7.59121547524785,-2.5457360376005087,0.12315160986025325
30.8,89918.23187416054,8.542700483624078,-2.9834868959981233,0.11057362247749082
30.900000000000002,89680.54754102854,8.233150459625044,-3.137040753719667,0.10162786968684218
31.0,90141.05472634757,7.431578877076573,-2.884056054543446,0.10951575294352621
31.1,90046.49624595286,7.923709085431702,-2.8900585048624046,0.11251822681970546
31.200000000000003,89851.70686117651,8.605050854169354,-2.5951209499417396,0.11404425695460331
31.3,89903.75079251426,8.492514562453671,-2.5417472988235295,0.11834664403562949
31.400000000000002,90131.03185570205,8.957076374780993,-3.444514558206458,0.11335753252988524
31.5,89774.60772438943,8.201130463737583,-2.980670536034149,0.11620364556883436
31.6,90133.14533182218,7.9048717330071,-2.6020780687087277,0.08174629033983238
31.700000000000003,89915.53016547262,8.43418434477247,-2.618074444642301,0.11429238004802462
31.8,89922.80291442711,8.838163067855998,-3.3432950289808163,0.10887727951860544
31.900000000000002,89934.50386139171,8.936828197791007,-2.860286712775129,0.09026398836497948
32.0,90028.60934630068,7.945313797732239,-2.6547680380054675,0.09652682999704129
32.1,89793.30670906784,8.417756605629659,-2.6392883995639145,0.11872516612678297
32.2,89993.80210298885,9.491569756591643,-2.6758583273435224,0.10868237714720733
32.300000000000004,90017.60086011552,9.59762582967048,-2.8706007367746307,0.11190662388790916
32.4,89553.38986008603,7.960344595086588,-2.805643480727855,0.11657857695406765
32.5,89682.19821606117,8.497893035949055,-2.082000933288367,0.11122256272579402
32.6,89732.944602619,8.76593677834503,-2.6916087844412027,0.1148188113463481
32.7,89981.03540040969,7.832276926833806,-2.294319214375319,0.11477420358134902
32.800000000000004,90092.19973925917,8.616013823638669,-2.7725241249315933,0.08018774993368988
32.9,89756.52780649072,7.106201971086726,-2.7321203683788724,0.10790194193972237
33.0,90138.86413413622,8.502524457513038,-3.2456965592491938,0.106132403768115
33.1,89957.99721314089,8.995778143030671,-2.1593225590516982,0.1032657629483299
33.2,90170.52827062063,8.776232451060869,-2.5382082066359177,0.12774609198558295
33.300000000000004,90231.54413347694,8.724463417837576,-3.2352508088376295,0.10896547605090705
33.4,90493.3567910397,8.092434297312145,-2.7794737887305483,0.1057603576180573
33.5,90315.36117799584,8.393999357326202,-2.4050489508124766,0.11675554497514745
33.6,90096.43339989883,9.276199402753841,-3.0903650244321375,0.11151995810904246
33.7,90065.48323290946,8.833501703442222,-2.8785089220315467,0.11794359747735028
33.800000000000004,89740.73799453552,9.037761824229326,-3.2709001975323826,0.11814670701158361
33.9,90392.94751580202,8.677167222628663,-2.323401717188392,0.12023068619939761
34.0,89888.03002561547,7.656071391345382,-2.41900749006596,0.11503816128776703
34.1,90317.97488570877,9.066713430760576,-3.1033483232729413,0.11497097172052494
34.2,89715.94970863155,8.415529527721848,-2.9520172687657737,0.1302446535774414
34.300000000000004,89965.48464535814,8.790464830258228,-2.7805853679683,0.11144994423314057
34.4,90316.49580889457,9.144175230628656,-2.6183782754023155,0.1257793414629036
34.5,90066.88455669042,8.581313194254813,-2.939899049710931,0.11052723647350166
34.6,90251.31336381668,8.88717132421331,-3.0932691812768205,0.1052658844997167
34.7,89990.55683000575,8.471649676988307,-2.650611028738233,0.12947813657004567
34.800000000000004,89959.8052456137,7.926755815102609,-2.6131833216391347,0.11605440175763139
34.9,90183.78614129542,8.486148995840995,-2.877982166548947,0.1269611882462632
35.0,90272.32062332152,8.701477246604691,-2.620430231787278,0.12517793295766427
35.1,90453.76218491064,8.781615562032462,-2.450398591751365,0.12903730013972228
35.2,89929.34685534936,8.752173829281123,-2.352043360377578,0.12438264769166128
35.300000000000004,90179.36046784534,9.057150141120939,-3.057448496275402,0.12787175337866594
35.4,90226.6099918932,8.724546111805061,-3.0339071681840393,0.1282328520753908
35.5,90380.90142207422,8.563758501998878,-2.2535191462452535,0.13349223641828997
35.6,90453.1706143944,8.842939209235873,-3.305468809658781,0.11518044050039102
35.7,90205.95572115482,8.374563475360235,-3.0899608781075862,0.12374406944158589
35.800000000000004,90539.91827643104,8.91027858452846,-2.8426714708806644,0.1294279178936761
35.9,90506.0012238033,9.508096152354188,-2.554555066098562,0.12747997245397297
36.0,90382.09839524407,8.770031942700722,-2.9961338441953616,0.14121434674714015
36.1,90561.79853158066,9.941053390291666,-3.21365452418195,0.11325155553318374
36.2,90853.09458002397,8.66331817215817,-2.71324883337566,0.13123717818336747
36.300000000000004,90227.61145826902,8.429924164757848,-2.522574509877671,0.1434836171053843
36.4,90433.37986381874,9.559354048460335,-2.921015883399516,0.11753922071838435
36.5,90298.44680272184,8.505834020859558,-2.33745372318412,0.12580463898394745
36.6,90651.55815121555,8.295683150428962,-2.471222123899878,0.10489828373818985
36.7,90484.13763379263,9.260054498118997,-2.8556744613351697,0.10995406052081975
36.800000000000004,90419.24827864952,8.894367944757235,-2.362327956377642,0.11756325920817208
36.9,90552.47285167252,9.157774265312089,-2.9543246443360367,0.1198641943216544
37.0,90607.16872101458,8.976840380187376,-2.603575467335954,0.10929706388128445
37.1,90866.0962342565,8.94773402118948,-3.044671978532088,0.12332938814479087
37.2,90784.01800405722,8.408666002945317,-2.9438651376065446,0.11296119491230237
37.300000000000004,90394.92074733325,10.163627903616842,-2.2950048695840732,0.13657017246057507
37.4,90885.19313196023,8.634819946036732,-2.7082785859223226,0.13841545582310377
37.5,90576.28397074578,8.629727460106972,-2.7440318143120055,0.14098921396247321
37.6,90788.72485054335,9.102850508800591,-2.4042872337888723,0.12853815257365894
37.7,90582.76302335996,9.817219727961682,-2.722890669245979,0.1342673243627586
37.800000000000004,91141.03262890864,9.020141676450292,-2.035251333985502,0.13633132456842242
37.9,90749.05308169941,9.680426848597747,-2.932773902525544,0.10519662937120625
38.0,90877.20660845598,9.324923073393382,-2.91848452216557,0.1314707108738726
38.1,91135.40197646315,8.978269424578624,-2.5221765986483775,0.1323098982514119
38.2,90888.99227466882,9.310093043827198,-2.2598134588983414,0.11785934093096169
38.300000000000004,91188.75540354883,9.29161482156882,-2.108794538741423,0.1293125314738326
38.400000000000006,90913.05845816695,9.120789378498264,-2.3574892067976214,0.13400610811577748
38.5,90681.82134720657,9.756109647106046,-3.21736153456032,0.12696109720461773
38.6,90762.5489523717,9.589586317468623,-2.8719007628942794,0.12816630574156143
38.7,91175.54200870355,8.329355898107378,-2.593197131659345,0.1255563200255631
38.800000000000004,90687.31651911337,9.695447134615543,-2.7120009629169806,0.12305790656361143
38.900000000000006,91055.31995243496,9.073249555711692,-2.3334858925739064,0.12724504054289149
39.0,91218.06626433127,8.361252776769122,-2.4340339168807996,0.12435479096725573
39.1,91017.26735418204,9.727194448731904,-2.5921243457075573,0.1154058050241806
39.2,90870.43525661273,7.782195425220392,-2.7603957354167887,0.11618870271567903
39.300000000000004,91056.37757150333,8.586315155559717,-2.2611947037565083,0.13150079258327468
39.400000000000006,91132.38920374692,9.099536780790531,-2.4832661257012165,0.13621631896170286
39.5,91165.3565308698,8.851369211181684,-2.590239470362094,0.12449569750042401
39.6,91118.75925098058,8.800365288857305,-2.6933144649330263,0.13936074096363948
39.7,91271.55025466303,8.69455525255524,-2.324657871780979,0.12160318186967706
39.800000000000004,91508.98759581227,8.980691697525984,-2.620483253434297,0.14551774223251784
39.900000000000006,91427.30869000184,9.357170913625739,-2.7182800258630144,0.13595722582985756
40.0,91156.2871462815,9.053573656192636,-2.440827260560705,0.12860655043320782
40.1,91184.19482817389,9.547620670797054,-2.223947377532676,0.12306844498225857
40.2,91185.76450833993,9.336478469183275,-2.647966763043227,0.12074322359045575
40.300000000000004,91530.12685557119,9.839619178796703,-2.1820320517366465,0.1239967465111103
40.400000000000006,90969.71703544029,9.94947852713091,-2.798883063303885,0.1182309797070546
40.5,91931.07236521931,9.28651493162701,-2.823941371843679,0.14995103261844628
40.6,91397.32733073954,9.083924550082667,-2.4020922062349896,0.1598988261619295
40.7,91148.62179014033,9.791356565251723,-2.2558922444123626,0.13882300386520685
40.800000000000004,91571.81618207453,9.48134207335306,-2.2979091876562476,0.14667484266516226
40.900000000000006,91511.73836271481,10.183070566183913,-2.5065353876750853,0.14338990447009523
41.0,91735.02278308128,8.879307413613406,-2.4824446082979357,0.13568194735909217
41.1,91683.50848469361,9.71263311196278,-2.537009284272905,0.14013910734931717
41.2,91893.26167784414,9.774539821119545,-2.465103204808399,0.12013501442316121
41.300000000000004,91724.35674527005,9.939533269334738,-1.8478827695783555,0.13656118887771365
41.400000000000006,91793.88771576612,9.980284766784028,-2.5409082955994027,0.14562832186996977
41.5,91887.61600113755,9.459147256392146,-2.189377784478818,0.14614448769605837
41.6,92257.03847401892,9.795266128753298,-1.9272716787002409,0.1382885880042741
41.7,91784.48977921114,10.509600221486181,-2.0035403485006107,0.14987836000026478
41.800000000000004,91499.99559910444,9.4634924059812,-2.2899984752751434,0.1459411809966448
41.900000000000006,92069.25824385573,10.244287190722476,-2.229634929390939,0.1322105971162576
42.0,91804.63053135511,9.715652166524904,-2.13238217034395,0.1491990915496446
42.1,91948.62101538597,8.692391559702138,-1.9621301856352675,0.14343467234336985
42.2,92428.60779797472,9.545511943504495,-2.104840989320057,0.12940122971850415
42.300000000000004,91775.19598441567,9.173577552493333,-2.581188801617587,0.13334064087669156
42.400000000000006,92019.61519475878,9.168953672102596,-2.131966546000584,0.13685736333818171
42.5,92115.82818348566,10.102990633677305,-2.4905797655888615,0.1482851636391409
42.6,92538.50243820617,9.979833247984578,-2.3912465377947676,0.1359878047945268
42.7,92244.15780443043,10.299350707326719,-1.610420604569058,0.15009966482915446
42.800000000000004,92313.26416092782,9.681087506560424,-1.6626370291014676,0.14085279330808317
42.900000000000006,92272.0100204359,9.819494629023797,-1.875174131723148,0.12805140886478364
43.0,92502.16254507436,9.36485111112543,-2.8281226151715257,0.13939399187364052
43.1,92440.2914642104,10.727590040577182,-1.8428503155601192,0.1327797692799288
43.2,92527.69980849377,10.410038575310441,-2.3515167430891966,0.15687099175434235
43.300000000000004,92286.5401038363,9.645464745254298,-2.316822922169424,0.1525608628683737
43.400000000000006,92280.89413637003,10.613359358075602,-1.815607168608231,0.14338532917214727
43.5,92056.85484856671,9.783149505450012,-2.1703000327323427,0.16040450315791815
43.6,92697.1184514751,10.185238344050155,-2.090359360233011,0.14060761686620193
43.7,92512.64346802045,10.193519734904253,-1.8042717301028064,0.1415753930707028
43.800000000000004,92714.30094082003,10.302915667077835,-2.3326837101556483,0.1681422085868152
43.900000000000006,92582.84229038018,9.254442383690852,-2.0403787018444337,0.15691209182505533
44.0,92582.72327845404,10.212065169177352,-2.5472725083200745,0.14904856423313514
44.1,92963.60499099364,10.53662059821352,-1.9105482171430757,0.13583848313406457
44.2,92771.05635645287,8.393797001779543,-1.9502431677641932,0.13906910104389872
44.300000000000004,92502.28940827197,10.639025990845077,-1.979300040374735,0.1602138670681097
44.400000000000006,92657.12579926601,10.63729005958328,-1.9510801167313858,0.13951105988321527
44.5,92818.88562417969,10.201091758287827,-1.7947833220666907,0.14116866503497363
44.6,93260.26930116852,11.326367907583256,-2.825628143050415,0.1203035717874584
44.7,92842.71027267349,10.522864172901878,-1.7978163060043875,0.1590599365709098
44.800000000000004,93022.3718697139,10.282189960177567,-2.2284605439103955,0.17148434606663074
44.900000000000006,92858.91271366991,10.59429283488624,-2.5667112769045604,0.17418016949968307
45.0,92905.878037459,10.09112411408762,-1.7254751002132716,0.15796944768932805
45.1,92956.98274122803,10.063976598013522,-2.0497768349910905,0.1525707066639581
45.2,92977.91284014293,10.72198907124008,-2.1657153873754362,0.15462791688737296
45.300000000000004,93327.41029355125,10.623371792921205,-2.636652036292936,0.12434475228356906
45.400000000000006,93024.90178987774,10.574339199622315,-1.6669232978237893,0.14886040773488993
45.5,93456.0456692093,10.593998518703824,-2.160100443757234,0.1523533076567515
45.6,93423.9845419171,9.892469050178505,-1.8511611301216664,0.15524241393309557
45.7,93663.19727908411,9.716866817947565,-2.3232729995986494,0.15207971592866087
45.800000000000004,93639.06787254148,10.708203952436719,-1.9443475990940469,0.1489561018322823
45.900000000000006,93448.19425825114,9.992038543248707,-1.8190960412706343,0.1377247235737145
46.0,93619.01039392236,10.641757007289733,-2.084839891808516,0.17459474462323332
46.1,93313.11915127464,10.089656963106224,-1.8719667095531842,0.1544817676120679
46.2,93927.74286694177,9.639457824806994,-1.782100962411079,0.14594667290006585
46.300000000000004,93543.3785003776,11.324097418727483,-2.2628514321553657,0.16597984355785686
46.400000000000006,94038.87655229919,9.957981534726388,-1.928674396236226,0.15339899859447295
46.5,93483.89804304988,11.7285876687411,-2.0872277930999985,0.14411208154739652
46.6,93840.55999955387,10.215429919394984,-1.5279334226550683,0.16609923341307242
46.7,94194.46033891736,10.733457302609647,-1.1911738377194683,0.14980833678282596
46.800000000000004,93834.36724021802,10.40306221386587,-1.7935054846355154,0.14220921627631203
46.900000000000006,94094.71423957618,10.507869017845874,-2.179332648133266,0.1695717125220913
47.0,94045.26048574508,10.887782326244016,-1.5797040925777928,0.16492860450265498
47.1,94025.28402433252,10.910196101595202,-2.197892401589789,0.16866656167608127
47.2,94152.53119878522,10.418022515765715,-1.7449427830352318,0.15429677810628978
47.300000000000004,93719.92016501505,10.636006285011579,-1.8590407757582306,0.14420348981863126
47.400000000000006,94154.57007202851,11.476350028114194,-1.798354351051497,0.174101735554975
47.5,94155.5375703322,11.073614598846897,-1.701946131508751,0.13916607245121093
47.6,94278.01517232759,10.193433678009194,-1.5172712298989193,0.18407296694616132
47.7,94271.11099873038,11.245693290989552,-2.0611367021886413,0.17211218172513845
47.800000000000004,94394.34139959252,10.655723136963845,-2.031614685626921,0.1514175626336819
47.900000000000006,94474.34177514227,11.001291231890411,-1.2427373774571273,0.16175038212434162
48.0,94076.06421251589,11.087757037391912,-1.4476709267285761,0.1518752049589559
48.1,94695.3139122524,11.228763658466987,-1.9800251003638965,0.15582849520718592
48.2,94893.30486713744,11.49796005194567,-2.0395171684888087,0.1728412583152337
48.300000000000004,94822.12178496482,10.2642775172814,-1.2003344104158507,0.1581459229060517
48.400000000000006,94800.20929072492,10.869207991601343,-1.8919121244248098,0.16063474720189164
48.5,94764.4743537671,11.138990039997338,-1.503625084075908,0.14904037665357092
48.6,94585.31359797087,10.489153853846025,-1.5035242484396991,0.1619164600733181
48.7,94808.76335187399,10.798563855658116,-1.445700327728043,0.1590957180467046
48.800000000000004,94742.158621366,12.415638200827438,-0.7614779243112391,0.15995555880013917
48.900000000000006,95052.39902329326,11.369957176083249,-1.5635757479006562,0.17108629917058765
49.0,94667.32438142828,10.305270183690162,-1.6457176786799672,0.16557141100903947
49.1,95203.79953494166,11.341946187890663,-1.7197133333574357,0.16789930407489462
49.2,95028.15151200458,11.21743124153204,-1.3665478810159124,0.15812388543053268
49.300000000000004,95547.19694749803,11.42622098051394,-1.5313263199238816,0.1782727657258871
49.400000000000006,95143.50067644702,12.90048881800974,-0.9716988334083454,0.1888330016602236
49.5,95338.9406290275,10.901794566523714,-2.228671612652683,0.1632800537165611
49.6,94957.25055314192,11.720096306023034,-0.7815465811235633,0.16199203295354062
49.7,95117.75898943625,11.905322300664483,-1.4486075941336807,0.1796035674549323
49.800000000000004,95168.79786599438,13.146762933643911,-1.4852968885549103,0.1650968056814372
49.900000000000006,95412.32492793434,11.782223683876882,-1.406674107542231,0.18189257711708945
50.0,95504.64075506254,12.95448349574219,-1.9323007221841229,0.1678827466752614
50.1,95441.86808482619,11.39773303824588,-1.377387855975081,0.14839294424613597
50.2,95374.74285847599,11.513095364996605,-1.1713696775196734,0.1609231389051903
50.300000000000004,95685.13160258278,12.051531861980816,-1.4608765030393247,0.16265902880650024
50.400000000000006,95538.1332583946,12.179715823614957,-0.9433584521397254,0.16882688676666707
50.5,95609.29290482211,11.84216497836275,-1.537464743223425,0.17603230790367422
50.6,95807.85727826874,11.480320589987858,-1.667252730385266,0.17980528009587143
50.7,95750.29592172022,11.32929624938708,-1.7100967144860417,0.17968132255592295
50.800000000000004,95905.82594537798,12.672373890511693,-2.059494912326149,0.1862872047284082
50.900000000000006,95813.05484299817,12.076895344132234,-2.0212010284639086,0.17892557453166746
51.0,95637.55550444241,12.630424461716268,-1.4829727639482557,0.16087740269849946
51.1,95903.78405844128,11.81703491495665,-2.0929605096999815,0.1656057614293971
51.2,96083.59723222772,11.737526413543739,-1.8097132693213558,0.18293349202387008
51.300000000000004,96267.50542298911,12.56728790508476,-1.5269928395689092,0.17199075538355968
51.400000000000006,96472.94035456955,12.191497280767257,-1.185814646086556,0.1712236481768815
51.5,96166.99373134205,11.70696880053933,-1.1327395621057534,0.18201796439495194
51.6,96476.51027478607,12.251344048901062,-1.43158721451982,0.17049884128166393
51.7,96427.33980638435,11.919863638133707,-1.2027049818247322,0.172995008665956
51.800000000000004,96265.35527380047,12.846026781338516,-1.871023287073732,0.1854996568896663
51.900000000000006,96718.11399869795,11.215581098982737,-1.4086181250191923,0.1790276365396909
52.0,96532.48113655069,12.90418046636792,-0.8114390930090442,0.18689533726023386
52.1,96806.07644466934,13.046006099566384,-1.191228290716622,0.16460977248147718
52.2,96811.8894785904,12.867536307483242,-0.5032505390214056,0.18646114297775093
52.300000000000004,96523.02651659517,13.161968632716029,-1.4190068922496613,0.1826706261812031
52.400000000000006,96742.35601490247,11.803022864927824,-1.4081424671932905,0.17241922758389655
52.5,96655.94834132066,12.37281220556256,-1.2996062342873467,0.17720854117587403
52.6,97018.34327180717,13.140515605485062,-0.4300852507993523,0.18200615529918834
52.7,96730.52249964167,13.077307729870366,-1.3738483460684978,0.1739838576648187
52.800000000000004,96721.06058348632,11.889620184847278,-1.2178300796419599,0.17574520014376732
52.900000000000006,96960.45478617953,12.141181084507936,-1.074152686758384,0.1879625646249172
53.0,96886.97713069561,11.445195448069146,-1.3222728652174,0.17009935928934738
53.1,97101.26864972254,12.810931525167367,-1.7370194470834355,0.15888429585282046
53.2,97427.32083600086,12.12896483944371,-1.0317243830588958,0.1774946513432066
53.300000000000004,96922.94239769745,11.971740026002031,-1.620840612964927,0.1923339767722559
53.400000000000006,97325.58093860294,13.544698246142543,-0.689492657914097,0.17353190171130448
53.5,97552.9962192915,12.734488354847082,-0.976570621836558,0.17343735203325164
53.6,97425.61065823546,12.547893389301644,-1.26273917042626,0.17384592815640956
53.7,97426.21028319915,12.579725081154933,-1.2097642503958221,0.18856578063770324
53.800000000000004,97471.32399631524,12.38846417958985,-0.053770031836683746,0.16829023634238463
53.900000000000006,97620.47213110197,13.34823690527332,-0.2427625165036338,0.16961432377227076
54.0,97535.11628907915,12.424286564744762,-1.1671208467707088,0.1921147296866514
54.1,97500.02903991475,13.281059203468006,-0.6378466621943747,0.19587501703424112
54.2,97787.04663364874,12.114686833414792,-0.9343816201847842,0.18941154240739674
54.300000000000004,98032.5155818898,12.612480772130334,-0.640840640817425,0.17718924859686186
54.400000000000006,97839.24139045483,13.294788182536758,-0.7050556972749795,0.18754460446294757
54.5,97575.0148841358,13.179814641217627,-0.49575024579823634,0.1847194639966962
54.6,97625.17959703441,14.011933276525689,-0.5326712438294031,0.1819839245058236
54.7,97904.5162415129,13.554686638505059,-1.1024200281767833,0.1831029589258892
54.800000000000004,97867.19534974749,13.128401349203964,-0.7768632889011405,0.19261789021010234
54.900000000000006,97910.37589011516,13.197456960226177,-1.5177822225785946,0.18065036385420463
55.0,98398.59542362123,13.010258778252453,-0.7679072774212413,0.17064332768374524
55.1,98441.0772856488,14.03121992891847,-0.6618004919793352,0.1784840157379918
55.2,98457.22764065476,12.583823209510166,-0.7024592703584527,0.19631737583667666
55.300000000000004,98051.50358537852,14.150488235684508,-0.5166411595421498,0.18413968451014182
55.400000000000006,98815.81950549826,13.484088755643501,-0.9005144682432451,0.18655918727506285
55.5,98359.7097353554,13.994234266528505,-0.7474631187611526,0.18516853679059245
55.6,98522.1636881697,13.062335598155776,-0.6399676633526354,0.18595466658962237
55.7,98798.55744127874,13.438384715267011,-0.7562799378486768,0.18289854322507623
55.800000000000004,98889.91186156178,14.275991617296539,-0.6530736962488125,0.18521481723440528
55.900000000000006,99067.94981667856,14.259197444950399,-0.9598389533053027,0.18275435247431043
56.0,99036.7107164477,13.136954686616699,-0.566692839427985,0.18625882954583384
56.1,99116.30091759955,13.306945924402282,-0.7576401102560543,0.19970896691986192
56.2,99056.14244789821,14.418546099734945,-0.7366637600088216,0.19346399464175554
56.300000000000004,99384.97395642889,13.822444817622465,-0.8718353385196772,0.17495580729793808
56.400000000000006,99206.51612781428,13.642399521460474,-1.0292975826009274,0.18535907642051744
56.5,99186.87718955225,14.251166866171177,-0.29729356770816295,0.19697594560591575
56.6,99335.2589827843,13.888276004871466,-0.48616495636653767,0.17224617653001525
56.7,99133.64099151675,14.419430749507043,-0.4881466617270547,0.18253107874796176
56.800000000000004,99268.20602490759,15.137006472785353,-0.6707015973295143,0.20037219977574577
56.900000000000006,99386.30608935023,13.282149384119414,-0.46115079511587587,0.1998525730631721
57.0,99567.8475759387,14.887846879547881,-0.012605695844385673,0.19054113095981778
57.1,99338.55483603053,13.561812616949348,-0.4004267619967662,0.1960897692839687
57.2,99521.85117427148,13.617654742439576,-0.24615418706102096,0.17718152239421725
57.300000000000004,99857.90134869411,14.54963134728174,-0.4054033182598761,0.2090345718326747
57.400000000000006,99701.24943225972,14.252703766446254,-0.7766148584837284,0.19537590466832716
57.5,99713.2472879212,14.59740357363492,-0.5554704662248987,0.18797312057794802
57.6,99371.64071079901,13.438205997179818,-0.5572580119133685,0.17691525087889928
57.7,99831.99715128512,14.022224481727571,-0.7429073075554731,0.17946692270792153
57.800000000000004,99935.75807520494,14.125428215650178,-0.7460510841533415,0.1881769014363399
57.900000000000006,99981.24061631014,14.627551869646924,-0.005339684362778624,0.20791084467992077
58.0,100455.77175612135,14.503031679484153,-0.2690444792528913,0.20291506526722697
58.1,99882.12409235208,14.02578700720047,-0.8408625873777082,0.19987770824745316
58.2,99806.81985420943,14.522445382416882,-0.4381373981066434,0.1924204989168319
58.300000000000004,100715.9005544259,14.176978349172021,-0.3912678911269053,0.19895831391039084
58.400000000000006,100350.97503572263,13.862248051403078,-0.5612226370966817,0.19352134362243925
58.5,100433.23830697275,14.161173141653975,-0.5116060253439569,0.198281287557258
58.6,100476.56560664956,13.975525819212736,-0.5932401033483156,0.195373332873768
58.7,100651.34006585188,14.623033911308228,-0.32659020924395465,0.20837513413257006
58.800000000000004,100535.80031387146,14.241194609552924,0.4578493026617012,0.18467814870117533
58.900000000000006,100689.94514782276,14.800163354966557,-0.309447743673622,0.19831506616183453
59.0,100650.2563099352,14.555610680937574,-0.19208364548840973,0.19931556665554523
59.1,100439.4699430481,15.408254769031098,-0.1732685451494545,0.19672149614596296
59.2,100565.88180254526,14.721000927622818,-0.34833702354578344,0.2119483424885192
59.300000000000004,101066.07026851244,13.946389569613967,-0.5075869280703268,0.2108018180827254
59.400000000000006,101194.78163151063,15.678222067198334,-0.005547937839779693,0.20373300963251367
59.5,101147.08781892517,15.049699703567558,-0.8287399143856974,0.19263555123602588
59.6,101336.37280368342,15.063773015702527,-0.3889175790134659,0.20247754950942223
59.7,101104.52342039018,14.340516740867475,-0.6776071233672747,0.2098447140954004
59.800000000000004,101315.19388925609,15.05259177531898,-0.12302134491122779,0.18192362918334504
59.900000000000006,101345.50778901391,15.43228379116528,0.165530653372035,0.21025521176667986
